path	git_blob	sha256	bytes	atlas_listed
repo/deploy/migrations/20260501000100_init_schema.sql	1d0dfee5320448a2f27897249b5b0e9f999fdaa4	269c60113fe43c3f6fba2bda7861cca2e883231b3a40e28da79548294dfecf15	32078	yes
repo/deploy/migrations/20260502000200_operations_idempotency.sql	d05517adaa5e8321c52eeca86f017118c3fdd066	599b2afd632fcaded6ea1d4cb3122249d21f28efa20d658dc0d4c4561d85dd07	6737	yes
repo/deploy/migrations/20260502000300_permissions_schema.sql	e51cea02fef075b793fdae7dc0f7279a675f65d9	315d331f7ba6af21adf9a9fde4057341a79d594b69c8170d63e34fb8c4a93230	5548	yes
repo/deploy/migrations/20260519000400_instance_u_vm_protection.sql	44570f069455d380f633ae5711cf58f6086a4d41	c5e7cfdc33f5759b05cc317e6647d4f22c55d45cd5956cbbc3f33d82db09b694	2112	yes
repo/deploy/migrations/20260520000500_network_resources.sql	7974cf68da1767432d5ccb2851c9935892134eff	db14e9428a468f6c32da2f99aca809af15202b75d9c7899f153dd10f6d4f80f7	5032	yes
repo/deploy/migrations/20260520000600_storage_resources.sql	c9af04362dc7d4340747884c5869d5567e5db709	874e89ac1fde1f8936328fec03efed73f00a5ec882bc3e39dd140a030126ea42	3708	yes
repo/deploy/migrations/20260520000700_workload_identity_api_keys.sql	fc8fccffb134c98a091afad838725f89ed22153e	53ee7ec6ffd9231036ce4889da218b4fd38434364b20c6d83026a358a4b93c6f	697	yes
repo/deploy/migrations/20260523000800_k8s_cluster_proxy_targets.sql	e1926bf9e366bae4d40cd2cf9e0fcbd29b592d09	04c443cad4a881546a0b39d9ede437f865ae0cb39ac7d6ef736931b33b40819c	1524	yes
repo/deploy/migrations/20260524000100_control_plane_leases.sql	54f9b4b7fe3e5bf761b88cf011af05d007618172	844252c01e5c9d7b6d63c6e2ad298bb860ee5d6754b33772dfbfae85e615101e	305	yes
repo/deploy/migrations/20260620000100_network_routes.sql	7cf4a5d4e7110f35d692cebac51ae5703953b62b	2a97bf4609aeda3270ed8fb564c5aebc1138064fde2aa1f30b45dfdec9875281	1177	yes
repo/deploy/migrations/20260620001300_k8s_cluster_proxy_target_mtls.sql	902addc45269ed20c1d9b4bfb16bb53a6a744188	abbfe955c372d58ed1a7772ade6089a946e8755cf8853c86005be5aeb150a03e	914	yes
repo/deploy/migrations/20260707001400_platform_users.sql	7ff21dc10df382cb1524c4627db81d14b4d3718e	f90843753d9b21fc062e799fc1b5773d1a17a0f13258210a07a832d0a00daac1	4120	yes
repo/deploy/migrations/20260707001401_platform_refresh_tokens.sql	72360830910bcb2a7742a2109def2a190c7cb67a	a536c591cb25bb369f152f01b54be0fbc1da4edeb451ead7a006f2506636a78b	2266	yes
repo/deploy/migrations/20260730000100_instance_management_lifecycle_ops.sql	ca875d660a0ba5918aa6dc5cf43bfa26988943e3	3ddab05c6b488c507258e6ffcd89007da7ab35dd2c813262ff27db7ab975479e	2395	yes
repo/deploy/migrations/20260731000100_metering_usage.sql	71c3c91e5a187684ec1f73e71fc458b7f532f26c	e35d140f6b4ca769a6b35677f275b7895c6101859b0060ab59f2368a1b675e71	2869	yes
repo/deploy/migrations/20260802000100_async_tasks.sql	d08fec1e31fff91d913afe8ebd358511f1e38cdd	8713e47b99a433be16d998cc5705c51c562dd102ba5c95858e77a06b9357de4d	577	yes
repo/deploy/migrations/20260803000100_storage_control_plane_state.sql	ced25bda8dd8892a97cc4ffecc4d1fec6d77bc4c	1c1ffa0667257f581f64381b3aa2ca873dac6457a925251fe8dac6008d8e7023	26725	yes
repo/deploy/migrations/20260810000100_resource_quota.sql	67ca616738d443f1a2a6ecd886446a203ac23ce7	9d2fc10cd87d99d28f2c7df4540f584157ce49984fcb472bb0ebe9d18150fb9f	7777	yes
repo/deploy/migrations/20260810000200_tenant_plan_management.sql	3d1ee16b56aa32a417de9445ffa8a48496cd8d5f	84cec88df58e3d73b104f48b9d2f7b3134684e3146bcaa8b60fe574a36822c77	6093	yes
repo/deploy/migrations/20260810000300_alter_table_structures.sql	47228aa9533a49068ea37ba220859ea74cded38e	cdcb86eb2bdbe38b874175443ae35f6cceeb1500156571d37c80f59c707e129a	3761	yes
repo/deploy/migrations/20260811000300_tenant_quota_change.sql	32585bd32ea81c227036a1a11af121c5fc4e7035	103158d71cc6abc8c54936dfe47406d42007352313e0ee28c756414b58ebb32d	4280	yes
repo/deploy/migrations/20260812000100_quota_tx_ids.sql	437919e9fd905145698687164b4e2b725a749f8e	32bede0a9ece264725c977f0a2485a5b9e19805bcdaaa609f6a4a420f56dc8c1	329	yes
repo/deploy/migrations/20260812000200_resource_reservation_allocations.sql	b642ddc23954b5ca05481c656a1dac9b7b54424a	7107efcb9fa49e5727c66e4b47d614803bb09bac8048e1bbc3d6bd10a64ed75a	2194	yes
repo/deploy/migrations/20260814000100_inference_control_plane.sql	507bc376ac528eeaeb57f39fcab638a30aafe32b	db1df255aae7527b39695fdf8fa41208c52fbf557c1751cc42bbabf22c76045d	5916	yes
repo/deploy/migrations/20260815000100_platform_workloads.sql	0e15659875644525fc48cd96c26ea61b5450b974	1b88dfdcd30ed942b4a4bfabcd52b7028a8aacd1ffc4d3a3cedd0cfbd8d7f267	2276	yes
repo/deploy/migrations/20260820000100_platform_workload_intent_status.sql	d9845659dadf6954881a6065ce1dd799ac4966e1	6c1ef96633807c0d8db3bf3ddb123959a8e2ee6be43e435d9ccfa199e09016a1	747	yes
repo/deploy/migrations/20260821_001_tenant_admin_invitation.sql	65edefeda4adda17f3892ba6c1208c5e8152ba1b	08e97254ded58d62412d9c552746d9c4e155a7c02a1ad43569397f75b0b29f35	3945	no
repo/deploy/migrations/20260825000100_workload_instances_rls_fix.sql	6d3c79bab345b3a788b4a27757f0ee378216adc6	34edcd417b791d5f77d7dba52e45b9b182a6fff3a4e7267946375f4f1fbdf9c5	2059	yes
repo/deploy/migrations/20260825_001_tenant_admin_invitation_pending_unique.sql	e823887774ca2a2b5a1a5f9afd0c514f0121ce60	b32dbca454bfc3b2d07b5613b00b45fd425d151f808b1978d0153ef6c024083e	1528	no
repo/deploy/migrations/20260827000100_storage_objects_bucket_id_nullable.sql	b0d384001039cd43117138f284860f95be157a4c	4ff7eec0310f5335e05dc7abc3532bd24cd67efee7872a40773dd92ec0c8bb15	886	yes
repo/deploy/migrations/20260827000200_users_display_name_soft_delete.sql	109573602d1edf9c8821d53591df27a1249f8e96	00b8ffd2d53e5829f901f8f98d3119981ad6e1ff920d8102ffce5036db6fbc57	743	yes
repo/deploy/migrations/20260827_001_async_tasks_list_index.sql	bc40dac72ffb675e72977adb5e748af2c367a451	296c7654df3e2c03cf664acff4fa9a97048c28a83be0c559f6a68dac6109e606	556	no
repo/deploy/migrations/20260827_001_user_roles_single_role.sql	22b493b9d6a54c8ad6c0782408a566ab5b6af08b	d35fbe12be439583dc025cebdfe1255bfe39fd8a37e60f8173ef5cd873916272	254	no
repo/deploy/migrations/20260828000100_database_roles_hardening.sql	e8ec4d0080faea657732137952e9aa70150ab02c	5eb9f2a705e67df8c290d3dcbc9135beaa6dc74c39f108ee6e318d1814341570	2750	yes
repo/deploy/migrations/20260828000200_app_role_privileges.sql	455fa7700b46d3a6e813bace427dc861ea19bf96	ed341f29d78f339af21b7faebaba01a1d74ff46956883a02873b0a2018f8bd8c	4895	yes
repo/deploy/migrations/20260828_001_instance_resource_rls_fix.sql	06f1ce072dc9696e8c6a24566b94306f9a1450e7	68a01ecf788a688ea95ed3b883c5a59fff11ea6e55d7f1a310f3ef993522db5b	6952	no
repo/deploy/migrations/20260831_001_async_tasks_rls_fix.sql	5890c9f73b2ab702cd048f5180ef459ff1328348	4b64ae003621a5042bc46328106ef41ec918a78bf26a0040d472734fd31c3320	3317	no
repo/deploy/migrations/20260901_001_gpu_chain_remaining_rls_fix.sql	141d9d1edc4ba178d7d3770d4bc3c118bd5c3c76	f77bfa65074280b19429ce43ff2c2154b129ece5eb83adaed6c2bc5b6fad85c8	4063	no
