method	path	operation_id	operation_id_source	old_policy_source	security	authz_version	resource	action	boundary	principal_kinds
GET	/admin/plans/bound-tenant-counts	listPlanBoundTenantCounts	explicit	legacy	[{"BearerAuth":[]},{"ApiKeyAuth":[]}]					[]
GET	/admin/plans/{plan_id}/bindable-tenants	listPlanBindableTenants	explicit	legacy	[{"BearerAuth":[]},{"ApiKeyAuth":[]}]					[]
GET	/admin/plans/{plan_id}/bound-tenants	listPlanBoundTenants	explicit	legacy	[{"BearerAuth":[]},{"ApiKeyAuth":[]}]					[]
GET	/admin/platform-users	listPlatformUsers	explicit	legacy	[{"BearerAuth":[]},{"ApiKeyAuth":[]}]					[]
POST	/admin/platform-users	createPlatformUser	explicit	legacy	[{"BearerAuth":[]},{"ApiKeyAuth":[]}]					[]
GET	/admin/platform-users/{userId}	getPlatformUser	explicit	legacy	[{"BearerAuth":[]},{"ApiKeyAuth":[]}]					[]
DELETE	/admin/platform-users/{userId}	deletePlatformUser	explicit	legacy	[{"BearerAuth":[]},{"ApiKeyAuth":[]}]					[]
POST	/admin/platform-users/{userId}/disable	disablePlatformUser	explicit	legacy	[{"BearerAuth":[]},{"ApiKeyAuth":[]}]					[]
POST	/admin/platform-users/{userId}/enable	enablePlatformUser	explicit	legacy	[{"BearerAuth":[]},{"ApiKeyAuth":[]}]					[]
POST	/admin/platform-users/{userId}/reset-password	resetPlatformUserPassword	explicit	legacy	[{"BearerAuth":[]},{"ApiKeyAuth":[]}]					[]
PUT	/admin/platform-users/{userId}/role	updatePlatformUserRole	explicit	legacy	[{"BearerAuth":[]},{"ApiKeyAuth":[]}]					[]
GET	/admin/quota-meta	listQuotaMeta	explicit	generated	[{"BearerAuth":[]},{"ApiKeyAuth":[]}]	v1	quota	read	platform	["user"]
GET	/admin/tenant-admins/available-tenants	listAvailableTenants	explicit	legacy	[{"BearerAuth":[]},{"ApiKeyAuth":[]}]					[]
GET	/admin/tenant-users	listTenantUsers	explicit	legacy	[{"BearerAuth":[]},{"ApiKeyAuth":[]}]					[]
GET	/admin/tenants/{tenant_id}	getTenant	explicit	legacy	[{"BearerAuth":[]},{"ApiKeyAuth":[]}]					[]
PUT	/admin/tenants/{tenant_id}/plan	updateTenantPlan	explicit	legacy	[{"BearerAuth":[]},{"ApiKeyAuth":[]}]					[]
GET	/admin/tenants/{tenant_id}/quota	getTenantQuota	explicit	legacy	[{"BearerAuth":[]},{"ApiKeyAuth":[]}]					[]
POST	/admin/tenants/{tenant_id}/quota	createTenantQuota	explicit	legacy	[{"BearerAuth":[]},{"ApiKeyAuth":[]}]					[]
PUT	/admin/tenants/{tenant_id}/quota	updateTenantQuota	explicit	legacy	[{"BearerAuth":[]},{"ApiKeyAuth":[]}]					[]
DELETE	/admin/tenants/{tenant_id}/quota	deleteTenantQuota	explicit	legacy	[{"BearerAuth":[]},{"ApiKeyAuth":[]}]					[]
PUT	/admin/tenants/{tenant_id}/quota/upsert	upsertTenantQuota	explicit	legacy	[{"BearerAuth":[]},{"ApiKeyAuth":[]}]					[]
GET	/admin/tenants/{tenant_id}/reservations	getTenantReservations	explicit	legacy	[{"BearerAuth":[]},{"ApiKeyAuth":[]}]					[]
PUT	/admin/tenants/{tenant_id}/reservations	putTenantReservations	explicit	legacy	[{"BearerAuth":[]},{"ApiKeyAuth":[]}]					[]
GET	/admin/tenants/{tenant_id}/roles	listAssignableTenantRoles	explicit	legacy	[{"BearerAuth":[]},{"ApiKeyAuth":[]}]					[]
GET	/admin/tenants/{tenant_id}/user-lookup	lookupTenantUser	explicit	legacy	[{"BearerAuth":[]},{"ApiKeyAuth":[]}]					[]
GET	/admin/tenants/{tenant_id}/users/batch	batchGetTenantUsers	explicit	legacy	[{"BearerAuth":[]},{"ApiKeyAuth":[]}]					[]
GET	/admin/tenants/{tenant_id}/users/{user_id}	getTenantUser	explicit	legacy	[{"BearerAuth":[]},{"ApiKeyAuth":[]}]					[]
DELETE	/admin/tenants/{tenant_id}/users/{user_id}	deleteTenantUser	explicit	legacy	[{"BearerAuth":[]},{"ApiKeyAuth":[]}]					[]
POST	/admin/tenants/{tenant_id}/users/{user_id}/reset-password	resetTenantUserPassword	explicit	legacy	[{"BearerAuth":[]},{"ApiKeyAuth":[]}]					[]
GET	/admin/tenants/{tenant_id}/users/{user_id}/role	getTenantUserRole	explicit	legacy	[{"BearerAuth":[]},{"ApiKeyAuth":[]}]					[]
PUT	/admin/tenants/{tenant_id}/users/{user_id}/role	updateTenantUserRole	explicit	legacy	[{"BearerAuth":[]},{"ApiKeyAuth":[]}]					[]
POST	/admin/tenants/{tenant_id}/users/{user_id}/status	updateTenantUserStatus	explicit	legacy	[{"BearerAuth":[]},{"ApiKeyAuth":[]}]					[]
GET	/auth/api-keys	listAPIKeys	explicit	legacy	[{"BearerAuth":[]},{"ApiKeyAuth":[]}]					[]
POST	/auth/api-keys	createAPIKey	explicit	legacy	[{"BearerAuth":[]},{"ApiKeyAuth":[]}]					[]
DELETE	/auth/api-keys/{key_id}	revokeAPIKey	explicit	legacy	[{"BearerAuth":[]},{"ApiKeyAuth":[]}]					[]
POST	/auth/logout	logout	explicit	legacy	[{"BearerAuth":[]},{"ApiKeyAuth":[]}]					[]
POST	/auth/oidc/begin	beginOIDCLogin	explicit	public	[]					[]
POST	/auth/password/login	passwordLogin	explicit	public	[]					[]
POST	/auth/platform/password/login	platformPasswordLogin	explicit	public	[]					[]
POST	/auth/refresh	refreshToken	derived	public	[]					[]
POST	/auth/token	completeOIDCLogin	explicit	public	[]					[]
GET	/branding	getBranding	derived	public	[]					[]
GET	/buckets	listStorageBuckets	explicit	legacy	[{"BearerAuth":[]},{"ApiKeyAuth":[]}]					[]
POST	/buckets	createStorageBucket	explicit	legacy	[{"BearerAuth":[]},{"ApiKeyAuth":[]}]					[]
PUT	/buckets/{bucket_id}/acl	setStorageBucketACL	explicit	legacy	[{"BearerAuth":[]},{"ApiKeyAuth":[]}]					[]
GET	/buckets/{bucket_id}/lifecycle-rules	listStorageBucketLifecycleRules	explicit	legacy	[{"BearerAuth":[]},{"ApiKeyAuth":[]}]					[]
POST	/buckets/{bucket_id}/lifecycle-rules	createStorageBucketLifecycleRule	explicit	legacy	[{"BearerAuth":[]},{"ApiKeyAuth":[]}]					[]
PUT	/buckets/{bucket_id}/lifecycle-rules	setStorageBucketLifecycleRules	explicit	legacy	[{"BearerAuth":[]},{"ApiKeyAuth":[]}]					[]
DELETE	/buckets/{bucket_id}/lifecycle-rules/{rule_id}	deleteStorageBucketLifecycleRule	explicit	legacy	[{"BearerAuth":[]},{"ApiKeyAuth":[]}]					[]
GET	/buckets/{bucket_id}/objects	listBucketObjects	explicit	legacy	[{"BearerAuth":[]},{"ApiKeyAuth":[]}]					[]
DELETE	/buckets/{bucket_id}/objects	deleteBucketObject	explicit	legacy	[{"BearerAuth":[]},{"ApiKeyAuth":[]}]					[]
POST	/buckets/{bucket_id}/objects/presigned-url	generateBucketObjectPresignedURL	explicit	legacy	[{"BearerAuth":[]},{"ApiKeyAuth":[]}]					[]
POST	/buckets/{bucket_id}/objects/upload	uploadBucketObject	explicit	legacy	[{"BearerAuth":[]},{"ApiKeyAuth":[]}]					[]
POST	/buckets/{bucket_id}/prefixes	createBucketPrefix	explicit	legacy	[{"BearerAuth":[]},{"ApiKeyAuth":[]}]					[]
PUT	/buckets/{bucket_id}/storage-class	setStorageBucketClass	explicit	legacy	[{"BearerAuth":[]},{"ApiKeyAuth":[]}]					[]
GET	/encryption/keys	listEncryptionKeys	explicit	legacy	[{"BearerAuth":[]},{"ApiKeyAuth":[]}]					[]
POST	/encryption/keys	createEncryptionKey	explicit	legacy	[{"BearerAuth":[]},{"ApiKeyAuth":[]}]					[]
GET	/encryption/keys/{key_id}	getEncryptionKey	explicit	legacy	[{"BearerAuth":[]},{"ApiKeyAuth":[]}]					[]
DELETE	/encryption/keys/{key_id}	deleteEncryptionKey	explicit	legacy	[{"BearerAuth":[]},{"ApiKeyAuth":[]}]					[]
POST	/encryption/keys/{key_id}/revoke	revokeEncryptionKey	explicit	legacy	[{"BearerAuth":[]},{"ApiKeyAuth":[]}]					[]
POST	/encryption/keys/{key_id}/rotate	rotateEncryptionKey	explicit	legacy	[{"BearerAuth":[]},{"ApiKeyAuth":[]}]					[]
POST	/encryption/seal	sealEncryptionObject	explicit	legacy	[{"BearerAuth":[]},{"ApiKeyAuth":[]}]					[]
POST	/encryption/unseal-token	createEncryptionUnsealToken	explicit	legacy	[{"BearerAuth":[]},{"ApiKeyAuth":[]}]					[]
GET	/filesystems	listStorageFilesystems	explicit	legacy	[{"BearerAuth":[]},{"ApiKeyAuth":[]}]					[]
POST	/filesystems	createStorageFilesystem	explicit	legacy	[{"BearerAuth":[]},{"ApiKeyAuth":[]}]					[]
GET	/filesystems/{filesystem_id}	getStorageFilesystem	explicit	legacy	[{"BearerAuth":[]},{"ApiKeyAuth":[]}]					[]
DELETE	/filesystems/{filesystem_id}	deleteStorageFilesystem	explicit	legacy	[{"BearerAuth":[]},{"ApiKeyAuth":[]}]					[]
POST	/filesystems/{filesystem_id}/expand	expandStorageFilesystem	explicit	legacy	[{"BearerAuth":[]},{"ApiKeyAuth":[]}]					[]
POST	/filesystems/{filesystem_id}/mount	mountStorageFilesystem	explicit	legacy	[{"BearerAuth":[]},{"ApiKeyAuth":[]}]					[]
GET	/filesystems/{filesystem_id}/mount-command	getFilesystemMountCommand	explicit	legacy	[{"BearerAuth":[]},{"ApiKeyAuth":[]}]					[]
GET	/filesystems/{filesystem_id}/mount-targets	listFilesystemMountTargets	explicit	legacy	[{"BearerAuth":[]},{"ApiKeyAuth":[]}]					[]
POST	/filesystems/{filesystem_id}/mount-targets	createFilesystemMountTarget	explicit	legacy	[{"BearerAuth":[]},{"ApiKeyAuth":[]}]					[]
POST	/filesystems/{filesystem_id}/unmount	unmountStorageFilesystem	explicit	legacy	[{"BearerAuth":[]},{"ApiKeyAuth":[]}]					[]
GET	/gpu-inventory	listGPUInventory	explicit	legacy	[{"BearerAuth":[]},{"ApiKeyAuth":[]}]					[]
GET	/gpu-inventory/occupancy	getGPUOccupancy	explicit	legacy	[{"BearerAuth":[]},{"ApiKeyAuth":[]}]					[]
PATCH	/gpu-inventory/{device_id}	updateGPUDeviceStatus	explicit	legacy	[{"BearerAuth":[]},{"ApiKeyAuth":[]}]					[]
GET	/gpu-scheduling/queues	listGPUSchedulingQueues	explicit	legacy	[{"BearerAuth":[]},{"ApiKeyAuth":[]}]					[]
POST	/gpu-scheduling/queues	createGPUSchedulingQueue	explicit	legacy	[{"BearerAuth":[]},{"ApiKeyAuth":[]}]					[]
GET	/gpu-scheduling/queues/{queue_id}	getGPUSchedulingQueue	explicit	legacy	[{"BearerAuth":[]},{"ApiKeyAuth":[]}]					[]
PATCH	/gpu-scheduling/queues/{queue_id}	updateGPUSchedulingQueue	explicit	legacy	[{"BearerAuth":[]},{"ApiKeyAuth":[]}]					[]
DELETE	/gpu-scheduling/queues/{queue_id}	deleteGPUSchedulingQueue	explicit	legacy	[{"BearerAuth":[]},{"ApiKeyAuth":[]}]					[]
GET	/gpu-specs	listGPUSpecs	explicit	legacy	[{"BearerAuth":[]},{"ApiKeyAuth":[]}]					[]
POST	/gpu-specs	createGPUSpec	explicit	legacy	[{"BearerAuth":[]},{"ApiKeyAuth":[]}]					[]
GET	/gpu-specs/availability	listGPUSpecAvailability	explicit	legacy	[{"BearerAuth":[]},{"ApiKeyAuth":[]}]					[]
GET	/gpu-specs/{spec_id}	getGPUSpec	explicit	legacy	[{"BearerAuth":[]},{"ApiKeyAuth":[]}]					[]
DELETE	/gpu-specs/{spec_id}	deleteGPUSpec	explicit	legacy	[{"BearerAuth":[]},{"ApiKeyAuth":[]}]					[]
GET	/healthz	liveness	explicit	public	[]					[]
GET	/instance-operations/{operation_id}	getInstanceOperation	explicit	legacy	[{"BearerAuth":[]},{"ApiKeyAuth":[]}]					[]
GET	/instances	listInstances	explicit	legacy	[{"BearerAuth":[]},{"ApiKeyAuth":[]}]					[]
POST	/instances	createInstance	explicit	legacy	[{"BearerAuth":[]},{"ApiKeyAuth":[]}]					[]
GET	/instances/{instance_id}	getInstance	explicit	legacy	[{"BearerAuth":[]},{"ApiKeyAuth":[]}]					[]
POST	/instances/{instance_id}/console	createInstanceConsoleSession	explicit	legacy	[{"BearerAuth":[]},{"ApiKeyAuth":[]}]					[]
GET	/instances/{instance_id}/events	listInstanceEvents	explicit	legacy	[{"BearerAuth":[]},{"ApiKeyAuth":[]}]					[]
POST	/instances/{instance_id}/exec	createInstanceExecSession	explicit	legacy	[{"BearerAuth":[]},{"ApiKeyAuth":[]}]					[]
POST	/instances/{instance_id}/lifecycle	applyInstanceLifecycle	explicit	legacy	[{"BearerAuth":[]},{"ApiKeyAuth":[]}]					[]
GET	/instances/{instance_id}/logs	listInstanceLogs	explicit	legacy	[{"BearerAuth":[]},{"ApiKeyAuth":[]}]					[]
GET	/instances/{instance_id}/logs/stream	streamInstanceLogs	explicit	generated	[{"BearerAuth":[]},{"ApiKeyAuth":[]}]	v1	instances	read	tenant	["user","api_key"]
GET	/instances/{instance_id}/metrics	getInstanceMetrics	explicit	legacy	[{"BearerAuth":[]},{"ApiKeyAuth":[]}]					[]
GET	/instances/{instance_id}/operations	listInstanceOperations	explicit	legacy	[{"BearerAuth":[]},{"ApiKeyAuth":[]}]					[]
GET	/instances/{instance_id}/sandbox/checkpoints	listSandboxCheckpoints	explicit	legacy	[{"BearerAuth":[]},{"ApiKeyAuth":[]}]					[]
POST	/instances/{instance_id}/sandbox/checkpoints	createSandboxCheckpoint	explicit	legacy	[{"BearerAuth":[]},{"ApiKeyAuth":[]}]					[]
POST	/instances/{instance_id}/sandbox/checkpoints/{checkpoint_id}/clone	cloneSandboxCheckpoint	explicit	legacy	[{"BearerAuth":[]},{"ApiKeyAuth":[]}]					[]
POST	/instances/{instance_id}/sandbox/checkpoints/{checkpoint_id}/restore	restoreSandboxCheckpoint	explicit	legacy	[{"BearerAuth":[]},{"ApiKeyAuth":[]}]					[]
POST	/instances/{instance_id}/sandbox/code-runs	createSandboxCodeRun	explicit	legacy	[{"BearerAuth":[]},{"ApiKeyAuth":[]}]					[]
GET	/instances/{instance_id}/sandbox/files	listSandboxFiles	explicit	legacy	[{"BearerAuth":[]},{"ApiKeyAuth":[]}]					[]
POST	/instances/{instance_id}/sandbox/files	writeSandboxFile	explicit	legacy	[{"BearerAuth":[]},{"ApiKeyAuth":[]}]					[]
DELETE	/instances/{instance_id}/sandbox/files	deleteSandboxFile	explicit	legacy	[{"BearerAuth":[]},{"ApiKeyAuth":[]}]					[]
POST	/instances/{instance_id}/sandbox/ports	createSandboxPort	explicit	legacy	[{"BearerAuth":[]},{"ApiKeyAuth":[]}]					[]
DELETE	/instances/{instance_id}/sandbox/ports/{port}	deleteSandboxPort	explicit	legacy	[{"BearerAuth":[]},{"ApiKeyAuth":[]}]					[]
POST	/instances/{instance_id}/sandbox/tokens	createSandboxToken	explicit	legacy	[{"BearerAuth":[]},{"ApiKeyAuth":[]}]					[]
GET	/instances/{instance_id}/security-events	listInstanceSecurityEvents	explicit	legacy	[{"BearerAuth":[]},{"ApiKeyAuth":[]}]					[]
GET	/k8s-clusters	listK8sClusters	explicit	legacy	[{"BearerAuth":[]},{"ApiKeyAuth":[]}]					[]
POST	/k8s-clusters	createK8sCluster	explicit	legacy	[{"BearerAuth":[]},{"ApiKeyAuth":[]}]					[]
GET	/k8s-clusters/{cluster_id}	getK8sCluster	explicit	legacy	[{"BearerAuth":[]},{"ApiKeyAuth":[]}]					[]
DELETE	/k8s-clusters/{cluster_id}	deleteK8sCluster	explicit	legacy	[{"BearerAuth":[]},{"ApiKeyAuth":[]}]					[]
GET	/k8s-clusters/{cluster_id}/kubeconfig	getK8sClusterKubeconfig	explicit	legacy	[{"BearerAuth":[]},{"ApiKeyAuth":[]}]					[]
GET	/k8s-clusters/{cluster_id}/node-pools	listK8sClusterNodePools	explicit	legacy	[{"BearerAuth":[]},{"ApiKeyAuth":[]}]					[]
POST	/k8s-clusters/{cluster_id}/node-pools	createK8sClusterNodePool	explicit	legacy	[{"BearerAuth":[]},{"ApiKeyAuth":[]}]					[]
GET	/k8s-clusters/{cluster_id}/node-pools/{node_pool_id}	getK8sClusterNodePool	explicit	legacy	[{"BearerAuth":[]},{"ApiKeyAuth":[]}]					[]
PATCH	/k8s-clusters/{cluster_id}/node-pools/{node_pool_id}	updateK8sClusterNodePool	explicit	legacy	[{"BearerAuth":[]},{"ApiKeyAuth":[]}]					[]
DELETE	/k8s-clusters/{cluster_id}/node-pools/{node_pool_id}	deleteK8sClusterNodePool	explicit	legacy	[{"BearerAuth":[]},{"ApiKeyAuth":[]}]					[]
POST	/k8s-clusters/{cluster_id}/proxy	proxyK8sClusterAPI	explicit	legacy	[{"BearerAuth":[]},{"ApiKeyAuth":[]}]					[]
POST	/k8s-clusters/{cluster_id}/upgrade	upgradeK8sCluster	explicit	legacy	[{"BearerAuth":[]},{"ApiKeyAuth":[]}]					[]
GET	/k8s-clusters/{cluster_id}/workloads	listK8sClusterWorkloads	explicit	legacy	[{"BearerAuth":[]},{"ApiKeyAuth":[]}]					[]
POST	/metering/token-usage	reportTokenUsage	explicit	legacy	[{"BearerAuth":[]},{"ApiKeyAuth":[]}]					[]
GET	/metering/usage	getMeteringUsage	explicit	legacy	[{"BearerAuth":[]},{"ApiKeyAuth":[]}]					[]
GET	/metering/usage/platform	getPlatformMeteringUsage	explicit	generated	[{"BearerAuth":[]},{"ApiKeyAuth":[]}]	v1	metering	read	platform	["user"]
GET	/networks/load-balancers	listNetworkLoadBalancers	explicit	legacy	[{"BearerAuth":[]},{"ApiKeyAuth":[]}]					[]
POST	/networks/load-balancers	createNetworkLoadBalancer	explicit	legacy	[{"BearerAuth":[]},{"ApiKeyAuth":[]}]					[]
GET	/networks/load-balancers/{load_balancer_id}	getNetworkLoadBalancer	explicit	legacy	[{"BearerAuth":[]},{"ApiKeyAuth":[]}]					[]
DELETE	/networks/load-balancers/{load_balancer_id}	deleteNetworkLoadBalancer	explicit	legacy	[{"BearerAuth":[]},{"ApiKeyAuth":[]}]					[]
GET	/networks/overview	getNetworkOverview	explicit	legacy	[{"BearerAuth":[]},{"ApiKeyAuth":[]}]					[]
GET	/networks/routes	listNetworkRoutes	explicit	legacy	[{"BearerAuth":[]},{"ApiKeyAuth":[]}]					[]
POST	/networks/routes	createNetworkRoute	explicit	legacy	[{"BearerAuth":[]},{"ApiKeyAuth":[]}]					[]
GET	/networks/routes/{route_id}	getNetworkRoute	explicit	legacy	[{"BearerAuth":[]},{"ApiKeyAuth":[]}]					[]
DELETE	/networks/routes/{route_id}	deleteNetworkRoute	explicit	legacy	[{"BearerAuth":[]},{"ApiKeyAuth":[]}]					[]
GET	/networks/security-groups	listNetworkSecurityGroups	explicit	legacy	[{"BearerAuth":[]},{"ApiKeyAuth":[]}]					[]
POST	/networks/security-groups	createNetworkSecurityGroup	explicit	legacy	[{"BearerAuth":[]},{"ApiKeyAuth":[]}]					[]
GET	/networks/security-groups/{security_group_id}	getNetworkSecurityGroup	explicit	legacy	[{"BearerAuth":[]},{"ApiKeyAuth":[]}]					[]
DELETE	/networks/security-groups/{security_group_id}	deleteNetworkSecurityGroup	explicit	legacy	[{"BearerAuth":[]},{"ApiKeyAuth":[]}]					[]
GET	/networks/security-groups/{security_group_id}/bindings	listNetworkSecurityGroupBindings	explicit	legacy	[{"BearerAuth":[]},{"ApiKeyAuth":[]}]					[]
POST	/networks/security-groups/{security_group_id}/bindings	createNetworkSecurityGroupBinding	explicit	legacy	[{"BearerAuth":[]},{"ApiKeyAuth":[]}]					[]
DELETE	/networks/security-groups/{security_group_id}/bindings/{binding_id}	deleteNetworkSecurityGroupBinding	explicit	legacy	[{"BearerAuth":[]},{"ApiKeyAuth":[]}]					[]
GET	/networks/security-groups/{security_group_id}/rules	listNetworkSecurityGroupRules	explicit	legacy	[{"BearerAuth":[]},{"ApiKeyAuth":[]}]					[]
POST	/networks/security-groups/{security_group_id}/rules	createNetworkSecurityGroupRule	explicit	legacy	[{"BearerAuth":[]},{"ApiKeyAuth":[]}]					[]
GET	/networks/security-groups/{security_group_id}/rules/{rule_id}	getNetworkSecurityGroupRule	explicit	legacy	[{"BearerAuth":[]},{"ApiKeyAuth":[]}]					[]
PUT	/networks/security-groups/{security_group_id}/rules/{rule_id}	updateNetworkSecurityGroupRule	explicit	legacy	[{"BearerAuth":[]},{"ApiKeyAuth":[]}]					[]
DELETE	/networks/security-groups/{security_group_id}/rules/{rule_id}	deleteNetworkSecurityGroupRule	explicit	legacy	[{"BearerAuth":[]},{"ApiKeyAuth":[]}]					[]
GET	/networks/subnets	listNetworkSubnets	explicit	legacy	[{"BearerAuth":[]},{"ApiKeyAuth":[]}]					[]
POST	/networks/subnets	createNetworkSubnet	explicit	legacy	[{"BearerAuth":[]},{"ApiKeyAuth":[]}]					[]
GET	/networks/subnets/{subnet_id}	getNetworkSubnet	explicit	legacy	[{"BearerAuth":[]},{"ApiKeyAuth":[]}]					[]
DELETE	/networks/subnets/{subnet_id}	deleteNetworkSubnet	explicit	legacy	[{"BearerAuth":[]},{"ApiKeyAuth":[]}]					[]
GET	/networks/subnets/{subnet_id}/ip-allocations	listNetworkSubnetIPAllocations	explicit	legacy	[{"BearerAuth":[]},{"ApiKeyAuth":[]}]					[]
GET	/networks/vpcs	listNetworkVPCs	explicit	legacy	[{"BearerAuth":[]},{"ApiKeyAuth":[]}]					[]
POST	/networks/vpcs	createNetworkVPC	explicit	legacy	[{"BearerAuth":[]},{"ApiKeyAuth":[]}]					[]
GET	/networks/vpcs/{vpc_id}	getNetworkVPC	explicit	legacy	[{"BearerAuth":[]},{"ApiKeyAuth":[]}]					[]
DELETE	/networks/vpcs/{vpc_id}	deleteNetworkVPC	explicit	legacy	[{"BearerAuth":[]},{"ApiKeyAuth":[]}]					[]
GET	/notifications/email/recipients	listEmailRecipients	explicit	legacy	[{"BearerAuth":[]},{"ApiKeyAuth":[]}]					[]
POST	/notifications/email/recipients	createEmailRecipient	explicit	legacy	[{"BearerAuth":[]},{"ApiKeyAuth":[]}]					[]
PATCH	/notifications/email/recipients/{recipient_id}	updateEmailRecipient	explicit	legacy	[{"BearerAuth":[]},{"ApiKeyAuth":[]}]					[]
DELETE	/notifications/email/recipients/{recipient_id}	deleteEmailRecipient	explicit	legacy	[{"BearerAuth":[]},{"ApiKeyAuth":[]}]					[]
GET	/notifications/email/smtp	getEmailSmtpConfig	explicit	legacy	[{"BearerAuth":[]},{"ApiKeyAuth":[]}]					[]
PUT	/notifications/email/smtp	putEmailSmtpConfig	explicit	legacy	[{"BearerAuth":[]},{"ApiKeyAuth":[]}]					[]
GET	/notifications/email/subscriptions	listEmailSubscriptions	explicit	legacy	[{"BearerAuth":[]},{"ApiKeyAuth":[]}]					[]
PUT	/notifications/email/subscriptions	putEmailSubscriptions	explicit	legacy	[{"BearerAuth":[]},{"ApiKeyAuth":[]}]					[]
POST	/notifications/email/test	sendTestEmail	explicit	legacy	[{"BearerAuth":[]},{"ApiKeyAuth":[]}]					[]
GET	/objects	listStorageObjects	explicit	legacy	[{"BearerAuth":[]},{"ApiKeyAuth":[]}]					[]
POST	/objects	createStorageObject	explicit	legacy	[{"BearerAuth":[]},{"ApiKeyAuth":[]}]					[]
POST	/objects/upload	uploadStorageObject	explicit	legacy	[{"BearerAuth":[]},{"ApiKeyAuth":[]}]					[]
GET	/objects/{object_id}	getStorageObject	explicit	legacy	[{"BearerAuth":[]},{"ApiKeyAuth":[]}]					[]
DELETE	/objects/{object_id}	deleteStorageObject	explicit	legacy	[{"BearerAuth":[]},{"ApiKeyAuth":[]}]					[]
POST	/objects/{object_id}/complete	completeStorageObject	explicit	legacy	[{"BearerAuth":[]},{"ApiKeyAuth":[]}]					[]
GET	/objects/{object_id}/download	downloadStorageObject	explicit	legacy	[{"BearerAuth":[]},{"ApiKeyAuth":[]}]					[]
GET	/observability/alert-rules	listObservabilityAlertRules	explicit	legacy	[{"BearerAuth":[]},{"ApiKeyAuth":[]}]					[]
POST	/observability/alert-rules	createObservabilityAlertRule	explicit	legacy	[{"BearerAuth":[]},{"ApiKeyAuth":[]}]					[]
GET	/observability/alert-rules/{rule_id}	getObservabilityAlertRule	explicit	legacy	[{"BearerAuth":[]},{"ApiKeyAuth":[]}]					[]
PATCH	/observability/alert-rules/{rule_id}	updateObservabilityAlertRule	explicit	legacy	[{"BearerAuth":[]},{"ApiKeyAuth":[]}]					[]
DELETE	/observability/alert-rules/{rule_id}	deleteObservabilityAlertRule	explicit	legacy	[{"BearerAuth":[]},{"ApiKeyAuth":[]}]					[]
GET	/observability/query	queryObservability	explicit	legacy	[{"BearerAuth":[]},{"ApiKeyAuth":[]}]					[]
GET	/observability/query_range	queryRangeObservability	explicit	legacy	[{"BearerAuth":[]},{"ApiKeyAuth":[]}]					[]
GET	/platform-workload-capabilities	getPlatformWorkloadCapabilities	explicit	legacy	[{"BearerAuth":[]}]					[]
POST	/platform-workloads	createPlatformWorkload	explicit	legacy	[{"BearerAuth":[]}]					[]
GET	/platform-workloads/{workload_id}	getPlatformWorkload	explicit	legacy	[{"BearerAuth":[]}]					[]
PATCH	/platform-workloads/{workload_id}	updatePlatformWorkload	explicit	legacy	[{"BearerAuth":[]}]					[]
DELETE	/platform-workloads/{workload_id}	deletePlatformWorkload	explicit	legacy	[{"BearerAuth":[]}]					[]
POST	/platform-workloads/{workload_id}/lifecycle	applyPlatformWorkloadLifecycle	explicit	legacy	[{"BearerAuth":[]}]					[]
GET	/platform-workloads/{workload_id}/logs	getPlatformWorkloadLogs	explicit	legacy	[{"BearerAuth":[]}]					[]
GET	/quotas	listQuotas	explicit	legacy	[{"BearerAuth":[]},{"ApiKeyAuth":[]}]					[]
GET	/quotas/me	getMyQuota	explicit	legacy	[{"BearerAuth":[]},{"ApiKeyAuth":[]}]					[]
GET	/readyz	readiness	explicit	public	[]					[]
GET	/registry/images	listRegistryImages	explicit	legacy	[{"BearerAuth":[]},{"ApiKeyAuth":[]}]					[]
GET	/registry/images/scan-result	getRegistryImageScanResult	explicit	legacy	[{"BearerAuth":[]},{"ApiKeyAuth":[]}]					[]
GET	/registry/overview	getRegistryOverview	explicit	legacy	[{"BearerAuth":[]},{"ApiKeyAuth":[]}]					[]
GET	/registry/projects	listRegistryProjects	explicit	legacy	[{"BearerAuth":[]},{"ApiKeyAuth":[]}]					[]
POST	/registry/projects	createRegistryProject	explicit	legacy	[{"BearerAuth":[]},{"ApiKeyAuth":[]}]					[]
POST	/registry/projects/{project}/pull-secret	createRegistryProjectPullSecret	explicit	legacy	[{"BearerAuth":[]},{"ApiKeyAuth":[]}]					[]
GET	/registry/projects/{project}/push-instructions	getRegistryProjectPushInstructions	explicit	legacy	[{"BearerAuth":[]},{"ApiKeyAuth":[]}]					[]
GET	/registry/projects/{project}/repositories	listRegistryRepositories	explicit	legacy	[{"BearerAuth":[]},{"ApiKeyAuth":[]}]					[]
GET	/registry/projects/{project}/repositories/{repository}/artifacts	listRegistryArtifacts	explicit	legacy	[{"BearerAuth":[]},{"ApiKeyAuth":[]}]					[]
POST	/registry/projects/{project}/repositories/{repository}/permissions	setRegistryRepositoryPermission	explicit	legacy	[{"BearerAuth":[]},{"ApiKeyAuth":[]}]					[]
DELETE	/registry/projects/{project}/repositories/{repository}/tags/{tag}	deleteRegistryRepositoryTag	explicit	legacy	[{"BearerAuth":[]},{"ApiKeyAuth":[]}]					[]
GET	/registry/projects/{project}/repositories/{repository}/tags/{tag}/references	listRegistryRepositoryTagReferences	explicit	legacy	[{"BearerAuth":[]},{"ApiKeyAuth":[]}]					[]
GET	/registry/projects/{project}/scan-report	getRegistryProjectScanReport	explicit	legacy	[{"BearerAuth":[]},{"ApiKeyAuth":[]}]					[]
GET	/reservations/me	getMyReservations	explicit	legacy	[{"BearerAuth":[]},{"ApiKeyAuth":[]}]					[]
GET	/sandbox-templates	listSandboxTemplates	explicit	legacy	[{"BearerAuth":[]},{"ApiKeyAuth":[]}]					[]
GET	/secrets	listSecrets	explicit	legacy	[{"BearerAuth":[]},{"ApiKeyAuth":[]}]					[]
POST	/secrets	createSecret	explicit	legacy	[{"BearerAuth":[]},{"ApiKeyAuth":[]}]					[]
GET	/secrets/{secret_id}	getSecret	explicit	legacy	[{"BearerAuth":[]},{"ApiKeyAuth":[]}]					[]
DELETE	/secrets/{secret_id}	deleteSecret	explicit	legacy	[{"BearerAuth":[]},{"ApiKeyAuth":[]}]					[]
POST	/secrets/{secret_id}/bindings	bindSecret	explicit	legacy	[{"BearerAuth":[]},{"ApiKeyAuth":[]}]					[]
GET	/tasks	listAsyncTasks	explicit	generated	[{"BearerAuth":[]},{"ApiKeyAuth":[]}]	v1	tasks	read	tenant	["user","api_key"]
GET	/tasks/{task_id}	getTask	explicit	generated	[{"BearerAuth":[]},{"ApiKeyAuth":[]}]	v1	tasks	read	tenant	["user","api_key"]
GET	/vector-stores	listVectorStores	explicit	legacy	[{"BearerAuth":[]},{"ApiKeyAuth":[]}]					[]
POST	/vector-stores	createVectorStore	explicit	legacy	[{"BearerAuth":[]},{"ApiKeyAuth":[]}]					[]
GET	/vector-stores/{vector_store_id}	getVectorStore	explicit	legacy	[{"BearerAuth":[]},{"ApiKeyAuth":[]}]					[]
DELETE	/vector-stores/{vector_store_id}	deleteVectorStore	explicit	legacy	[{"BearerAuth":[]},{"ApiKeyAuth":[]}]					[]
GET	/vector-stores/{vector_store_id}/delete-precheck	precheckVectorStoreDelete	explicit	legacy	[{"BearerAuth":[]},{"ApiKeyAuth":[]}]					[]
POST	/vector-stores/{vector_store_id}/documents	insertVectorStoreDocuments	explicit	legacy	[{"BearerAuth":[]},{"ApiKeyAuth":[]}]					[]
DELETE	/vector-stores/{vector_store_id}/documents	deleteVectorStoreDocuments	explicit	legacy	[{"BearerAuth":[]},{"ApiKeyAuth":[]}]					[]
PUT	/vector-stores/{vector_store_id}/knowledge-base-link	setVectorStoreKnowledgeBaseLink	explicit	legacy	[{"BearerAuth":[]},{"ApiKeyAuth":[]}]					[]
DELETE	/vector-stores/{vector_store_id}/knowledge-base-link	deleteVectorStoreKnowledgeBaseLink	explicit	legacy	[{"BearerAuth":[]},{"ApiKeyAuth":[]}]					[]
POST	/vector-stores/{vector_store_id}/rebuild-index	rebuildVectorStoreIndex	explicit	legacy	[{"BearerAuth":[]},{"ApiKeyAuth":[]}]					[]
POST	/vector-stores/{vector_store_id}/search	searchVectorStore	explicit	legacy	[{"BearerAuth":[]},{"ApiKeyAuth":[]}]					[]
GET	/volumes	listStorageVolumes	explicit	legacy	[{"BearerAuth":[]},{"ApiKeyAuth":[]}]					[]
POST	/volumes	createStorageVolume	explicit	legacy	[{"BearerAuth":[]},{"ApiKeyAuth":[]}]					[]
GET	/volumes/{volume_id}	getStorageVolume	explicit	legacy	[{"BearerAuth":[]},{"ApiKeyAuth":[]}]					[]
DELETE	/volumes/{volume_id}	deleteStorageVolume	explicit	legacy	[{"BearerAuth":[]},{"ApiKeyAuth":[]}]					[]
PUT	/volumes/{volume_id}/auto-snapshot-policy	setVolumeAutoSnapshotPolicy	explicit	legacy	[{"BearerAuth":[]},{"ApiKeyAuth":[]}]					[]
POST	/volumes/{volume_id}/expand	expandStorageVolume	explicit	legacy	[{"BearerAuth":[]},{"ApiKeyAuth":[]}]					[]
POST	/volumes/{volume_id}/mount	mountStorageVolume	explicit	legacy	[{"BearerAuth":[]},{"ApiKeyAuth":[]}]					[]
POST	/volumes/{volume_id}/os-init-complete	completeVolumeOSInit	explicit	legacy	[{"BearerAuth":[]},{"ApiKeyAuth":[]}]					[]
GET	/volumes/{volume_id}/os-init-guide	getVolumeOSInitGuide	explicit	legacy	[{"BearerAuth":[]},{"ApiKeyAuth":[]}]					[]
GET	/volumes/{volume_id}/snapshots	listVolumeSnapshots	explicit	legacy	[{"BearerAuth":[]},{"ApiKeyAuth":[]}]					[]
POST	/volumes/{volume_id}/snapshots	createVolumeSnapshot	explicit	legacy	[{"BearerAuth":[]},{"ApiKeyAuth":[]}]					[]
POST	/volumes/{volume_id}/snapshots/{snapshot_id}/create-volume	createStorageVolumeFromSnapshot	explicit	legacy	[{"BearerAuth":[]},{"ApiKeyAuth":[]}]					[]
POST	/volumes/{volume_id}/unmount	unmountStorageVolume	explicit	legacy	[{"BearerAuth":[]},{"ApiKeyAuth":[]}]					[]
