contract	method	path	gateway_path	operation_id	security	tags
core-v1	GET	/admin/platform-users	/api/v1/admin/platform-users	listPlatformUsers	[{"BearerAuth":[]},{"ApiKeyAuth":[]}]	["PlatformUsers"]
core-v1	POST	/admin/platform-users	/api/v1/admin/platform-users	createPlatformUser	[{"BearerAuth":[]},{"ApiKeyAuth":[]}]	["PlatformUsers"]
core-v1	GET	/admin/platform-users/{userId}	/api/v1/admin/platform-users/{userId}	getPlatformUser	[{"BearerAuth":[]},{"ApiKeyAuth":[]}]	["PlatformUsers"]
core-v1	DELETE	/admin/platform-users/{userId}	/api/v1/admin/platform-users/{userId}	deletePlatformUser	[{"BearerAuth":[]},{"ApiKeyAuth":[]}]	["PlatformUsers"]
core-v1	POST	/admin/platform-users/{userId}/disable	/api/v1/admin/platform-users/{userId}/disable	disablePlatformUser	[{"BearerAuth":[]},{"ApiKeyAuth":[]}]	["PlatformUsers"]
core-v1	POST	/admin/platform-users/{userId}/enable	/api/v1/admin/platform-users/{userId}/enable	enablePlatformUser	[{"BearerAuth":[]},{"ApiKeyAuth":[]}]	["PlatformUsers"]
core-v1	POST	/admin/platform-users/{userId}/reset-password	/api/v1/admin/platform-users/{userId}/reset-password	resetPlatformUserPassword	[{"BearerAuth":[]},{"ApiKeyAuth":[]}]	["PlatformUsers"]
core-v1	PUT	/admin/platform-users/{userId}/role	/api/v1/admin/platform-users/{userId}/role	updatePlatformUserRole	[{"BearerAuth":[]},{"ApiKeyAuth":[]}]	["PlatformUsers"]
core-v1	GET	/admin/tenant-admins/available-tenants	/api/v1/admin/tenant-admins/available-tenants	listAvailableTenants	[{"BearerAuth":[]},{"ApiKeyAuth":[]}]	["TenantUsers"]
core-v1	GET	/admin/tenant-users	/api/v1/admin/tenant-users	listTenantUsers	[{"BearerAuth":[]},{"ApiKeyAuth":[]}]	["TenantUsers"]
core-v1	GET	/admin/tenants/{tenant_id}/roles	/api/v1/admin/tenants/{tenant_id}/roles	listAssignableTenantRoles	[{"BearerAuth":[]},{"ApiKeyAuth":[]}]	["TenantUsers"]
core-v1	GET	/admin/tenants/{tenant_id}/user-lookup	/api/v1/admin/tenants/{tenant_id}/user-lookup	lookupTenantUser	[{"BearerAuth":[]},{"ApiKeyAuth":[]}]	["TenantUsers"]
core-v1	GET	/admin/tenants/{tenant_id}/users/batch	/api/v1/admin/tenants/{tenant_id}/users/batch	batchGetTenantUsers	[{"BearerAuth":[]},{"ApiKeyAuth":[]}]	["TenantUsers"]
core-v1	GET	/admin/tenants/{tenant_id}/users/{user_id}	/api/v1/admin/tenants/{tenant_id}/users/{user_id}	getTenantUser	[{"BearerAuth":[]},{"ApiKeyAuth":[]}]	["TenantUsers"]
core-v1	DELETE	/admin/tenants/{tenant_id}/users/{user_id}	/api/v1/admin/tenants/{tenant_id}/users/{user_id}	deleteTenantUser	[{"BearerAuth":[]},{"ApiKeyAuth":[]}]	["TenantUsers"]
core-v1	POST	/admin/tenants/{tenant_id}/users/{user_id}/reset-password	/api/v1/admin/tenants/{tenant_id}/users/{user_id}/reset-password	resetTenantUserPassword	[{"BearerAuth":[]},{"ApiKeyAuth":[]}]	["TenantUsers"]
core-v1	GET	/admin/tenants/{tenant_id}/users/{user_id}/role	/api/v1/admin/tenants/{tenant_id}/users/{user_id}/role	getTenantUserRole	[{"BearerAuth":[]},{"ApiKeyAuth":[]}]	["TenantUsers"]
core-v1	PUT	/admin/tenants/{tenant_id}/users/{user_id}/role	/api/v1/admin/tenants/{tenant_id}/users/{user_id}/role	updateTenantUserRole	[{"BearerAuth":[]},{"ApiKeyAuth":[]}]	["TenantUsers"]
core-v1	POST	/admin/tenants/{tenant_id}/users/{user_id}/status	/api/v1/admin/tenants/{tenant_id}/users/{user_id}/status	updateTenantUserStatus	[{"BearerAuth":[]},{"ApiKeyAuth":[]}]	["TenantUsers"]
core-v1	GET	/auth/api-keys	/api/v1/auth/api-keys	listAPIKeys	[{"BearerAuth":[]},{"ApiKeyAuth":[]}]	["Auth"]
core-v1	POST	/auth/api-keys	/api/v1/auth/api-keys	createAPIKey	[{"BearerAuth":[]},{"ApiKeyAuth":[]}]	["Auth"]
core-v1	DELETE	/auth/api-keys/{key_id}	/api/v1/auth/api-keys/{key_id}	revokeAPIKey	[{"BearerAuth":[]},{"ApiKeyAuth":[]}]	["Auth"]
core-v1	POST	/auth/logout	/api/v1/auth/logout	logout	[{"BearerAuth":[]},{"ApiKeyAuth":[]}]	["Auth"]
core-v1	POST	/auth/oidc/begin	/api/v1/auth/oidc/begin	beginOIDCLogin	[]	["Auth"]
core-v1	POST	/auth/password/login	/api/v1/auth/password/login	passwordLogin	[]	["Auth"]
core-v1	POST	/auth/platform/password/login	/api/v1/auth/platform/password/login	platformPasswordLogin	[]	["Auth"]
core-v1	POST	/auth/refresh	/api/v1/auth/refresh	refreshToken	[]	["Auth"]
core-v1	POST	/auth/token	/api/v1/auth/token	completeOIDCLogin	[]	["Auth"]
services-v1	GET	/platform-admins	/api/v1/svc/platform-admins	listPlatformAdmins	[]	["PlatformAdmins"]
services-v1	POST	/platform-admins	/api/v1/svc/platform-admins	createPlatformAdmin	[]	["PlatformAdmins"]
services-v1	GET	/platform-admins/roles	/api/v1/svc/platform-admins/roles	listPlatformAdminRoles	[]	["PlatformAdmins"]
services-v1	GET	/platform-admins/{userId}	/api/v1/svc/platform-admins/{userId}	getPlatformAdmin	[]	["PlatformAdmins"]
services-v1	DELETE	/platform-admins/{userId}	/api/v1/svc/platform-admins/{userId}	deletePlatformAdmin	[]	["PlatformAdmins"]
services-v1	GET	/platform-admins/{userId}/audit-logs	/api/v1/svc/platform-admins/{userId}/audit-logs	listPlatformAdminAuditLogs	[]	["PlatformAdmins"]
services-v1	POST	/platform-admins/{userId}/disable	/api/v1/svc/platform-admins/{userId}/disable	disablePlatformAdmin	[]	["PlatformAdmins"]
services-v1	POST	/platform-admins/{userId}/enable	/api/v1/svc/platform-admins/{userId}/enable	enablePlatformAdmin	[]	["PlatformAdmins"]
services-v1	POST	/platform-admins/{userId}/reset-password	/api/v1/svc/platform-admins/{userId}/reset-password	resetPlatformAdminPassword	[]	["PlatformAdmins"]
services-v1	PUT	/platform-admins/{userId}/role	/api/v1/svc/platform-admins/{userId}/role	updatePlatformAdminRole	[]	["PlatformAdmins"]
services-v1	GET	/tenant-admins	/api/v1/svc/tenant-admins	listAllTenantAdmins	[]	["TenantAdmins"]
services-v1	GET	/tenant-admins/tenants	/api/v1/svc/tenant-admins/tenants	listAvailableTenantsForAdmin	[]	["TenantAdmins"]
services-v1	GET	/tenant/members	/api/v1/svc/tenant/members	listTenantMembers	[]	["Tenant"]
services-v1	POST	/tenant/members	/api/v1/svc/tenant/members	inviteTenantMember	[]	["Tenant"]
services-v1	GET	/tenant/members/{member_id}	/api/v1/svc/tenant/members/{member_id}	getTenantMember	[]	["Tenant"]
services-v1	DELETE	/tenant/members/{member_id}	/api/v1/svc/tenant/members/{member_id}	removeTenantMember	[]	["Tenant"]
services-v1	GET	/tenant/roles	/api/v1/svc/tenant/roles	listTenantRoles	[]	["Tenant"]
services-v1	PUT	/tenant/roles/{role_id}	/api/v1/svc/tenant/roles/{role_id}	updateTenantRole	[]	["Tenant"]
services-v1	GET	/tenant/sso	/api/v1/svc/tenant/sso	getSsoConfig	[]	["Tenant"]
services-v1	PUT	/tenant/sso	/api/v1/svc/tenant/sso	updateSsoConfig	[]	["Tenant"]
services-v1	POST	/tenants/{tenantId}/admins/invite	/api/v1/svc/tenants/{tenantId}/admins/invite	inviteTenantAdmin	[]	["TenantAdmins"]
services-v1	GET	/tenants/{tenantId}/admins/{userId}	/api/v1/svc/tenants/{tenantId}/admins/{userId}	getTenantAdminDetail	[]	["TenantAdmins"]
services-v1	DELETE	/tenants/{tenantId}/admins/{userId}	/api/v1/svc/tenants/{tenantId}/admins/{userId}	deleteTenantAdmin	[]	["TenantAdmins"]
services-v1	GET	/tenants/{tenantId}/admins/{userId}/audit-logs	/api/v1/svc/tenants/{tenantId}/admins/{userId}/audit-logs	listTenantAdminAuditLogs	[]	["TenantAdmins"]
services-v1	POST	/tenants/{tenantId}/admins/{userId}/disable	/api/v1/svc/tenants/{tenantId}/admins/{userId}/disable	disableTenantAdmin	[]	["TenantAdmins"]
services-v1	POST	/tenants/{tenantId}/admins/{userId}/enable	/api/v1/svc/tenants/{tenantId}/admins/{userId}/enable	enableTenantAdmin	[]	["TenantAdmins"]
services-v1	POST	/tenants/{tenantId}/admins/{userId}/invitation/resend	/api/v1/svc/tenants/{tenantId}/admins/{userId}/invitation/resend	resendTenantAdminInvitation	[]	["TenantAdmins"]
services-v1	POST	/tenants/{tenantId}/admins/{userId}/reset-password	/api/v1/svc/tenants/{tenantId}/admins/{userId}/reset-password	resetTenantAdminPassword	[]	["TenantAdmins"]
services-v1	GET	/tenants/{tenantId}/admins/{userId}/role	/api/v1/svc/tenants/{tenantId}/admins/{userId}/role	getTenantAdminRole	[]	["TenantAdmins"]
services-v1	PUT	/tenants/{tenantId}/admins/{userId}/role	/api/v1/svc/tenants/{tenantId}/admins/{userId}/role	updateTenantAdminRole	[]	["TenantAdmins"]
services-v1	GET	/tenants/{tenantId}/roles	/api/v1/svc/tenants/{tenantId}/roles	listTenantAssignableRoles	[]	["TenantAdmins"]
