path	git_blob	sha256	bytes
repo/api/openapi/v1.yaml	2219b5159794cae858b59c339cf6cce3c394f134	b6a2dc1f9c596555fcc164240d7a5533a04a128b8e19a4d7af1c53e41ab9415b	433726
repo/api/openapi/services/v1.yaml	4dd27b7108a1eaa51f419ca63b30f6c2891fc50a	43d91489cb851c3e1ac1ffef2ec167391ae210e2da7d794bcb22ffe2d057aad6	184220
repo/api/proto/auth/v1/auth_service.proto	eba8d5842efe75a70c3d11ec3ddcd929e4457c39	aabcc72b10bd2b89591eaf706b4cf2659b98a8b5b4e3dbf92b3e387938bc33ec	6267
repo/pkg/generated/pb/auth/v1/auth_service.pb.go	7022c5b42023ea9df80373ae823fb12fe55616b7	728343a0c18785a5ba9d35e84db28c734e4b25481e309ecc52ab6544b04e11e6	83814
repo/pkg/generated/pb/auth/v1/auth_service_grpc.pb.go	d5d048bd076d2642838fdf2c231ce579eaa13a93	d6912aeab75d01f837a94e4c936454af1b32dc4bc64853d5fe3c851e97348acc	25856
repo/scripts/generate_gateway_authz.py	3893edd1e626b6126c0e622e561250422e94967d	b1c6ca039de158fa36f7aaa644e5c3b5df31c87ffaf49db159e779aaa19cf006	10813
repo/scripts/validate_gateway_authz_drift.py	8c6d015bfbcb90897ffe98359e07731f497e61e5	d0ffd684ff18bf58602e848f404175b5f613d88a41caea8f2628fc10623fcb1e	1759
repo/scripts/validate_core_gateway_authz_routes.py	597f5306457df905532df01850ef3bc9d60aeaed	c76e97c3ffaa391d758567e95753247cf4f78b8fab75431140eda9b72b39c371	9352
repo/services/ani-gateway/internal/authz/zz_generated_core_policies.go	3c974f4277df6ca37ff4679d89474d5856f055b0	194e0b86f65e1962a2b1d3afe9d8e40954a5939f873c3925b8d4f57beb9900a6	94585
repo/services/ani-gateway/internal/authz/config.go	9385e9ec3e2afee24565c20753cc5662a0fec29e	7ef11312dcb6ca096c6dfc2d3068c6de4c40512a4645b48448eaeb0e6f56b47c	884
repo/services/ani-gateway/internal/middleware/chain.go	d2b03b1589a916f615a015395de86916e987f69c	6b96eb3cbd8fc2d61a9e5e29b2375a0c98216505a730cab6aed919cfb4504100	1302
repo/services/ani-gateway/internal/middleware/policy.go	8dbed425b1a681d14be503f3b091d780ad861cc7	98469516891c40cf981b18323659b39e93aeb50c4b2559d09231430b14786e71	4627
repo/services/ani-gateway/internal/middleware/auth_client.go	dda32ffe9ca0df4e14503f805f4005ca6c314b79	242998cab20796086062b6fb311dc2d056e91c0ad973282839eef9b4000fa2b7	6967
repo/services/ani-gateway/internal/middleware/auth.go	b4163b06ec20c54613b8f2b7c32a2858f9a8fd4e	8cb0765da906c23c6175f744fe1a7092da1b067cc8f7b0c9ccb9a01a9b12c777	10509
repo/services/ani-gateway/internal/middleware/rbac.go	acf3416e111dfffea86be432c6bf8a8a1486329b	52353755bdaab6e2fd3e84bc1b5f706817eeed4c9ef5492030b1e5a378176382	2935
repo/services/ani-gateway/internal/middleware/generated_authz.go	dc97bedc2bcc0b56f040cb5c023d43cbb7aa63f1	752e589a30037f4ca540c4f7aef14674b20664dfcddbeb67a859f770df0aa45f	10461
repo/services/ani-gateway/internal/router/auth.go	b11cb0b4b3bf5dd059ab4b8daff152c165fe73ac	e21f183e96257b851a45d6b3f0df589e7c6802044c48d44414dc3ebcb5ea7cd9	19905
repo/services/ani-gateway/main.go	e99e00ec224614621ac0e9742f5202fab91853b3	6277a84c51ccbc198e4d7cfaa9b1f111f5db0164311dabeb8d8d45ed62d7c0c9	15363
repo/services/auth-service/internal/config/config.go	35f0fca455e6cd43e4727d82638e0b6c7b5e9935	aa73738cb9b46397ebe0444d95a94bd6b2a9723469ca76cd28bc41782f262573	2284
repo/services/auth-service/main.go	b00b4136d6f9965e1d254e6b53fc537816238d8f	4e3f4c63ba72c17a7fa0c13e2fa268e29f6562be1731a28125f63b151f76ab52	1110
repo/services/auth-service/internal/service/auth_service.go	9a51542d6a4c10d4f755f7861205dfba06689393	48b301da3e87d114cc22ed32cfebb1dc3c508b82faa7d245fb7e19de99bd640f	20962
repo/services/auth-service/internal/service/password_login.go	18fec7c3dc7538a581d0bba8a0f7ce0780b611fa	8291ed48a022e57a120f010ea38806a745446ca99d2ffed03690f6de31f0606f	3864
repo/services/auth-service/internal/service/platform_login.go	d93e4fafbeec976c90b35ceb9c197e424ce0d293	644944869dba1ea4345c34eed4a121f66072061768e52bba03b068aeeb921dac	3270
repo/services/auth-service/internal/service/refresh_tokens.go	158ddc2917166d1abbd08f505a8dbdd75c1c46eb	f973515cbcfb0fc16c01c7757f8f0fed0ad2e350dfc474910e4fa669312c2c64	2403
repo/services/auth-service/internal/service/token_blocklist.go	641123e1f3782fab2829e499e2297853209f7d9e	1878122e7af5430ad028d57b1353d62f718e3ad0b120932d8ba97c80eebd54c7	2226
repo/services/auth-service/internal/service/api_keys.go	c3a9372d20f04b132d21557a55a41c370a07d167	96d42cfda4af9ac47a2fcd125f9e45da0181a66926e8b8e6a7a9e5f4ccc82c9b	13623
repo/services/auth-service/internal/service/oidc.go	7d8ae1c7497313efd657b7e97efe1eb5a3f2e532	acab89f4c3e83cf9875ec93a19ee3adacb2e26d54285d585bbdb12bf9fb88fe8	17250
repo/services/auth-service/internal/service/oidc_sessions.go	7466b9199f60518d2b5e4b9ca019ff13d70b97eb	4a14e8bab235fedca8b52c3fe06818b18cc640c08ccc2d36fea8252c35e0c395	5057
repo/services/auth-service/internal/service/jwt.go	f12b4b323be5a58f6e3db71ac508a1bde33c23e6	d604489de43f07c38d95896f3d03f7dee7ff5e9cd5853f108527347ef91fd809	9890
repo/services/auth-service/internal/service/token_issuer.go	b9a8b91cf7c479d0630fd83519414da48b28fd24	b99661f3d52ca317b58e3cd90670fe1c1da69bc4226da79a4f50eca73ac5588b	7834
repo/services/envoy-authz-adapter/internal/config/config.go	183e4da8ee4387df448f946a5b27df57f8d8c6f6	16182df8da07444d4991cbbb765eca9db83381c5bc6364617ad1953cb4bffb2c	1487
repo/services/envoy-authz-adapter/internal/authclient/client.go	9a8d80e00157f7c0f5d629e6712d3206fdd1552b	6d5d9445406629d3a839585e39fc414c1a3586c52c0bdb99ee615fc573a9f172	634
repo/services/envoy-authz-adapter/internal/extauth/server.go	24acc942d63a08bf7daada26d373d135c9d06f77	d4a79992530bfc5bf3441aec40df7ed4414a8cbaca500fb82e50b0bb3cc21266	2868
repo/services/envoy-authz-adapter/main.go	6aa74b6dca191a74e9754389318265f5f4f13b1a	c403e95b47aaa725e77af2de827f61d6d364fb069d1522df3d51ef1d42763ff1	2730
repo/services/inference-service/internal/config/config.go	294830add30fd11cc7794df5dbfa491c5e8ff2a0	0782184f4229d4a44b69c796d0c90916bc5a4e61000bb3cf27ee6e397e904788	2934
repo/services/inference-service/internal/runtime/coresdk/minter.go	bc46acc02a0829e9ae8e96149f65bdb891d83db5	0fdd7d5c58021dc723f0a947a295d54bb2e6028f35a20ae9ca752531f77f46ba	2748
repo/services/inference-service/internal/runtime/coresdk/adapter.go	3cb99c4269fa095992769ce3fe07291c1b355007	07ebd335f1d571a23e2696564aa808f550f00b6a93257ec3a65aadfcab2b193f	19382
repo/services/inference-service/main.go	50a9a5c955e6ccb76d6911dcbfa13e7a194a07c0	96d7d3e43ae0badacfe2ba0c7f961502c0ffebf7d6c6e923ef5f58565c1cd270	2970
repo/frontends/console/src/api/auth.ts	aa38dd1abf5beb6390fda8e0bf6bf85295bafdf2	394faaea90d27773fd5efa1973ba4212abe539f8bf4994323e2100401f645926	5806
repo/frontends/console/src/auth/session.ts	a5d13aa1f3d527d125f2b4f87d4e2d306110da39	1e45e7186ffc47775aa32bee84a49e75e9080bcdde338298f42998cdb9f1acc8	8084
repo/frontends/console/src/routes/login.tsx	dbb6b124eb4d6979e82c49e645b2f83a3eb6b4b0	36e1298e25c55de4b6e80bd295ec562e9ef9e4047f70bfd0ff8935567fcfff1f	11341
repo/frontends/console/src/routes/auth/callback.tsx	2a70b7b10c129f0c66f888e4ea00f50cf6de7197	5f377aa7d6689c6bcbd41344279ebb51b9501953db5db1192db85c12d31222a3	3163
repo/frontends/console/src/routes/_authenticated/settings/api-keys.tsx	d3d628e179901f2921d59df60b2fe676037a25ad	07f3d626932b815554b3b5c0117e925d2269823e21c0baded10d4dcc9283bde0	1177
repo/frontends/boss/src/api/auth.ts	bdc2d2711ebacd52344b765e188d8272dcf8767f	172b3bb6680c16f602a5ff964eb39ed397c310c747d5ef4b95adf0c9d9fabbf7	5220
repo/frontends/boss/src/auth/session.ts	7fbca356ea9b005ffe2c7ed3569258a09d158b49	f0e647bb0272b3e2679f177552bb46c18f724c79b53dc999caa8ee7f00d276e8	6580
repo/frontends/boss/src/auth/permissions.ts	44c0f0187ee597d609ff9f7dbb40772ec0c8139d	8e2552c14cc9d02a3595836e8e760a13acbd9f326a838a638568dca5d913fcfd	1485
repo/frontends/boss/src/routes/login.tsx	e2ece3d7ca01de1c9bf60f11b61bae469b524b72	a3c6c9148958a109bd9d38d583b73f9d0ae559522673425f8c2f6ef6ec1aa931	9425
repo/frontends/boss/src/routes/auth/callback.tsx	b64d4ab6b7fddcf7510e1a1a22a9f3b551a0a056	2c3541ea76e0ab539780eca69121ebb46f57cb3748e7e5a21d62530a93b08d6d	2979
repo/deploy/migrations/20260501000100_init_schema.sql	1d0dfee5320448a2f27897249b5b0e9f999fdaa4	269c60113fe43c3f6fba2bda7861cca2e883231b3a40e28da79548294dfecf15	32078
repo/deploy/migrations/20260707001400_platform_users.sql	7ff21dc10df382cb1524c4627db81d14b4d3718e	f90843753d9b21fc062e799fc1b5773d1a17a0f13258210a07a832d0a00daac1	4120
repo/deploy/migrations/20260707001401_platform_refresh_tokens.sql	72360830910bcb2a7742a2109def2a190c7cb67a	a536c591cb25bb369f152f01b54be0fbc1da4edeb451ead7a006f2506636a78b	2266
repo/deploy/migrations/20260827000200_users_display_name_soft_delete.sql	109573602d1edf9c8821d53591df27a1249f8e96	00b8ffd2d53e5829f901f8f98d3119981ad6e1ff920d8102ffce5036db6fbc57	743
repo/deploy/migrations/20260827_001_user_roles_single_role.sql	22b493b9d6a54c8ad6c0782408a566ab5b6af08b	d35fbe12be439583dc025cebdfe1255bfe39fd8a37e60f8173ef5cd873916272	254
repo/deploy/migrations/20260828000100_database_roles_hardening.sql	e8ec4d0080faea657732137952e9aa70150ab02c	5eb9f2a705e67df8c290d3dcbc9135beaa6dc74c39f108ee6e318d1814341570	2750
repo/deploy/migrations/20260828000200_app_role_privileges.sql	455fa7700b46d3a6e813bace427dc861ea19bf96	ed341f29d78f339af21b7faebaba01a1d74ff46956883a02873b0a2018f8bd8c	4895
repo/deploy/migrations/20260901_001_gpu_chain_remaining_rls_fix.sql	141d9d1edc4ba178d7d3770d4bc3c118bd5c3c76	f77bfa65074280b19429ce43ff2c2154b129ece5eb83adaed6c2bc5b6fad85c8	4063
repo/deploy/migrations/atlas.sum	8d4fddaf91d1bd801e7288513635b4160e979320	175516a68751bc2941f9a3154b6933dacddd74be10b435addef122623d6ac1af	2827
repo/deploy/docker/docker-compose.yml	1e5e87c239f185f8b924725f2d779d01e7ab6261	7c6844cf85c4b1e21155648af7d93ff4a60bc922637c74eb5d5aef1e1c316da8	5904
repo/deploy/docker/config/dex-dev.yaml	ad0ebfd7dd1bd694c98d9259be24f599a2aad4b2	3e6df562afa062f6e5f5b18060f2c6ab2ad1472f44b4a3cb4485484919513153	697
repo/deploy/real-k8s-lab/sprint13-production-auth-dex.yaml	cdc87c2519aefff4a7298f0c50c507c873f7d3e5	328f8b87af00436bcaf99d5842aa3949c1dd6e5b43efedb44d698456168234eb	11003
repo/deploy/real-k8s-lab/sprint13-production-shaped-gateway-deployment.yaml	013350de6bd7789c7ee600406b17c9d7efaaab1a	0cd27e7522447c1630d3e17fd3de7391691fe9e6280bbf32d5792b2471491740	7503
repo/deploy/real-k8s-lab/inference-envoy-ai-gateway-c40.yaml	99da2313a53d623e23706fc9fa8e55b4fab96a13	5944f0fff905725b0d67414a1b0360faac42660749783ee8cf6242f83ee2822d	6127
repo/deploy/real-k8s-lab/inference-incluster-e2e.yaml	7589bbc81780b5cad9a90cd632bff48a88b98ccd	1393d157f8fbfd29a8d7d61d17b661bb0d54eb2b83841b98a6165632da76d359	7388
repo/Makefile	c5b5d113f39878583b61e562b838b8d886bd8730	7d504de0ba52f6124db2bb999e94359aa0011100fc6d8b9cd8ac1faad58a8098	76084
repo/go.work	a5e09e2192bbf7ab4c6ba91b731b47ec34923d82	c1619aa2b3ddf2fb3619278e980ab9ef0a45e2be4d66aa7b3634d001fc3646ff	493
repo/installer/ani-installer/profiles/baremetal.yaml	9fa1a1b9c5016f55ba32eb0b890edff696e3eafb	e5e61df038254442e004019f05d36a84a0e27d927a3af34064fce5e8c93617a9	504
repo/installer/ani-installer/profiles/existing-k8s.yaml	ded517c2f513efb6d2dbf3fe7a0641f6ea9a89d8	fdc22497278ae6b3fbf106ff43f2affee2fe2645e77b556b173c13909897bf9b	511
repo/installer/ani-installer/profiles/vm.yaml	a70b084d5ec84225ac715a669a9eafeabae8aca2	f42e28c5ba626e31ce32388a57f44fdfbe7f8851fb34487a5a2e98ea8e85f336	497
